students	q1	q2	q3	q4	q5	q6	q7	q8	q9	q10	q11	q12	q13	q14	q15	q16	q17	q18	q19	q20	q21	q22	q23	q24	q25	q26	q27	q28	q29	q30	q31	q32	q33	q34	q35	q36	q37	q38	q39	q40	q41	q42	q43	q44	q45	q46	q47	q48	q49	q50	q51	q52	q53	q54	q55	q56	q57	q58	q59	q60	q61	q62	q63	q64	q65	q66	q67	q68	q69	q70	q71	q72	q73	q74	q75	q76	q77	q78	q79	q80	q81	q82	q83	q84	q85	q86	q87	q88	q89	q90	q91	q92	q93	q94	q95	q96	q97	q98	q99	q100
1	0	0	1	0	0	1	1	1	1	1	1	1	0	0	1	1	0	0	1	1	1	0	0	1	1	0	0	0	1	1	1	0	1	0	0	1	0	0	1	1	0	1	0	0	1	1	1	1	1	1	1	1	0	1	1	1	1	0	1	0	0	1	1	1	0	0	0	1	0	0	1	0	1	0	0	1	1	0	0	0	1	0	0	1	0	1	1	0	0	1	1	0	1	0	1	0	0	0	1	0
2	1	0	1	0	1	1	1	1	1	1	1	1	1	0	1	1	1	0	1	1	0	0	0	0	1	1	0	0	1	0	1	1	1	0	1	1	1	0	1	1	0	1	1	0	1	0	1	0	1	0	0	0	1	0	0	1	0	0	1	0	0	1	1	0	0	1	1	1	1	1	1	1	1	1	0	0	0	1	1	0	0	1	0	1	0	1	1	1	0	1	1	1	1	0	0	1	0	1	0	0
3	0	1	1	1	1	0	1	0	0	1	1	0	0	1	1	1	0	0	1	1	1	0	1	0	1	0	0	0	1	1	1	1	1	1	0	1	0	1	1	1	1	1	1	1	0	1	1	0	1	1	0	0	1	0	1	1	0	0	1	1	0	1	1	1	1	1	1	1	1	0	1	1	1	1	1	1	1	1	1	1	1	1	1	1	1	1	1	1	1	1	1	0	1	1	1	0	1	1	0	0
4	0	0	1	0	1	1	1	0	0	1	1	1	0	1	1	1	1	0	1	1	1	0	0	0	1	0	1	0	1	0	1	1	1	0	0	1	0	0	1	1	1	1	1	1	1	1	1	0	1	1	0	0	1	0	0	0	0	0	1	0	0	1	0	0	0	1	1	1	0	0	1	1	1	0	1	1	0	1	0	1	1	0	0	0	1	1	1	1	1	1	1	0	0	0	1	0	0	1	1	0
5	0	1	1	0	1	1	1	1	1	1	1	1	1	1	1	1	1	1	1	1	1	0	1	1	1	1	1	0	1	1	1	1	1	1	0	1	1	1	1	1	1	1	1	1	1	0	1	1	1	1	0	1	1	1	1	1	1	1	1	1	1	1	1	1	1	1	1	1	1	0	1	1	1	1	1	1	1	1	1	1	1	1	0	1	1	1	1	1	1	1	1	1	1	1	1	1	1	1	1	1
6	0	0	1	1	0	0	1	1	1	1	1	1	0	1	1	1	1	0	1	0	1	0	1	0	1	0	1	0	1	0	1	1	1	0	0	1	0	0	1	1	1	1	1	1	0	0	1	1	1	1	1	1	1	0	1	1	1	0	1	1	0	1	1	1	1	1	1	1	0	0	1	1	1	0	1	1	1	1	1	0	1	0	0	1	1	1	1	1	1	1	1	0	1	0	1	1	0	1	0	0
7	0	1	1	0	0	0	1	0	0	1	1	1	1	0	1	1	0	0	1	0	1	1	1	0	0	0	0	0	1	0	1	1	0	1	1	0	1	0	1	1	0	1	0	0	0	0	0	0	0	1	1	1	1	1	1	1	0	0	1	1	0	1	0	0	1	0	0	0	0	0	1	1	0	1	0	1	1	1	0	0	0	0	0	0	1	1	1	0	0	1	1	0	1	0	0	1	0	1	0	0
8	0	1	1	0	1	0	1	1	1	1	1	1	1	0	1	1	0	0	1	1	0	0	1	1	1	1	0	0	0	1	0	1	0	1	0	1	0	0	1	1	1	1	1	1	1	1	1	1	1	1	0	1	1	0	1	0	0	1	1	0	0	1	1	1	0	1	0	1	0	0	1	1	1	1	1	1	1	1	0	0	0	1	1	1	0	1	1	1	1	1	1	0	1	0	1	1	0	0	0	0
9	0	0	1	0	0	0	1	1	1	1	1	1	0	0	1	1	0	0	1	0	1	0	0	0	0	0	0	0	0	0	1	0	1	0	0	1	0	1	1	1	1	1	0	0	1	1	0	0	0	1	0	0	0	1	1	1	0	0	1	0	1	0	0	1	1	0	1	0	0	0	1	0	0	0	0	1	0	1	1	0	0	0	0	1	1	0	1	1	1	1	1	0	1	0	1	0	0	1	0	0
10	0	1	1	1	0	0	1	1	1	1	1	1	0	1	1	1	0	0	1	1	0	0	1	1	1	0	0	0	1	1	1	1	1	0	1	1	1	0	1	1	1	1	1	1	1	1	1	0	1	1	1	1	1	0	1	1	0	0	1	1	0	1	1	0	1	1	1	1	0	0	1	1	1	1	1	1	1	1	1	0	0	0	0	1	1	1	1	1	1	1	1	0	1	1	1	1	1	1	0	1
11	0	1	1	0	0	0	1	1	1	0	1	1	1	1	1	1	1	0	1	1	1	1	1	1	0	1	0	0	1	1	1	1	0	1	1	1	0	1	1	1	1	1	1	0	1	1	0	1	1	1	1	0	1	1	1	1	1	1	1	1	0	1	1	1	0	1	1	1	1	0	1	1	1	1	1	1	1	1	1	0	1	1	0	1	1	1	1	1	1	1	1	0	1	1	1	0	1	1	1	1
12	0	0	1	0	0	0	1	1	0	0	1	1	0	0	1	1	0	1	1	0	0	1	0	0	0	0	0	0	0	1	1	0	0	0	1	1	0	0	1	1	0	1	0	0	0	0	0	0	0	1	1	0	0	0	1	1	0	1	1	1	0	1	1	0	1	1	1	1	1	1	1	0	1	0	1	0	0	1	1	0	0	0	0	1	0	1	0	1	0	1	1	1	0	0	1	0	1	0	0	1
13	0	1	1	1	0	0	1	1	1	1	1	1	1	1	1	1	0	1	1	1	0	0	0	1	1	0	0	0	1	0	1	1	1	1	0	1	1	1	1	1	0	1	1	1	1	1	1	1	1	1	1	1	1	0	1	1	1	0	1	1	0	1	1	0	1	1	1	0	1	1	1	1	1	1	1	1	1	1	1	1	1	1	1	1	1	1	1	1	1	1	1	0	0	1	1	0	1	1	0	0
14	1	0	1	0	1	0	1	1	1	1	1	1	0	1	0	1	0	0	1	1	1	0	1	0	1	0	1	0	1	1	1	0	1	1	0	1	0	0	1	1	0	1	1	0	1	0	1	0	0	1	0	1	1	0	1	1	0	0	1	0	1	1	0	0	1	1	1	1	1	1	1	1	1	1	0	1	0	1	1	0	1	1	0	1	0	1	1	1	1	1	1	0	1	0	0	1	1	1	0	1
15	0	1	1	0	0	0	1	1	1	1	1	0	0	1	1	1	0	0	1	1	1	0	1	1	1	1	0	1	1	1	0	1	0	0	1	1	1	0	1	1	1	1	1	1	1	1	1	1	0	0	0	1	1	1	1	1	1	0	1	1	0	1	1	0	1	1	1	1	1	0	1	1	1	1	1	1	0	1	1	1	1	1	0	1	1	1	1	1	1	1	1	0	1	1	1	1	1	1	0	0
16	0	1	1	0	1	1	1	1	1	1	1	1	1	1	1	1	1	1	1	1	0	1	1	1	1	1	1	0	1	1	1	1	1	1	0	1	0	1	1	1	0	1	1	1	1	1	1	1	1	1	1	1	1	1	1	1	1	0	1	1	1	1	1	1	1	0	1	1	1	1	1	1	1	1	1	1	1	1	1	1	1	1	0	1	1	1	1	1	0	1	1	0	0	1	1	1	1	1	0	1
17	0	1	1	0	0	1	1	1	0	1	1	0	1	0	1	1	1	0	1	0	0	0	0	1	1	0	1	1	1	0	0	0	0	0	0	1	1	0	1	1	0	1	1	0	1	1	1	0	1	1	1	0	1	0	1	1	1	0	1	0	1	1	0	0	1	1	0	1	0	1	1	1	0	1	1	1	1	1	0	1	1	0	0	1	1	1	1	1	0	1	1	0	1	0	1	0	0	1	0	1
18	0	1	1	0	0	0	1	1	0	0	1	1	1	1	1	1	0	0	1	1	0	0	1	0	1	1	0	0	1	0	0	0	0	0	0	1	1	0	1	1	1	1	1	1	1	0	0	0	1	0	0	0	1	0	0	1	1	1	1	0	0	1	1	0	0	1	0	0	1	0	1	0	1	0	0	1	0	1	1	0	0	1	0	0	1	0	1	1	1	1	1	1	0	0	1	0	0	1	0	0
19	0	0	1	1	0	0	1	1	0	1	1	0	1	0	1	0	0	0	1	1	0	0	0	1	1	0	0	1	0	0	1	1	1	0	0	1	0	0	1	0	0	0	0	1	0	0	0	1	1	0	1	0	1	0	1	1	0	0	1	0	0	0	0	0	0	1	1	0	0	0	1	1	1	0	1	1	0	1	0	1	0	0	0	0	1	1	0	1	1	0	1	0	0	1	0	1	0	1	1	0
20	1	0	1	0	0	0	1	1	0	0	1	0	0	1	1	1	0	1	1	0	0	0	1	0	1	1	1	0	1	0	0	0	0	0	0	1	0	0	1	1	0	1	1	0	1	0	1	0	0	1	0	0	1	0	1	1	0	0	1	1	1	1	0	0	0	1	0	1	1	0	1	1	1	1	1	1	0	1	0	0	0	0	1	1	1	1	1	0	1	1	0	1	1	0	1	0	0	0	0	0
21	0	0	1	1	0	1	1	1	0	1	1	1	0	1	1	1	0	1	1	1	0	0	0	1	1	1	0	0	1	0	1	1	0	1	0	1	1	0	1	1	0	1	1	0	1	0	0	0	0	1	0	1	1	0	1	1	0	0	1	1	0	1	1	0	0	1	1	1	0	1	1	1	1	1	1	1	1	1	0	1	0	0	0	1	0	1	1	1	1	1	1	0	1	1	1	0	1	1	0	0
22	0	0	1	0	1	0	1	1	0	1	1	1	0	1	1	1	0	0	1	0	1	1	1	1	1	0	0	0	1	1	1	1	1	0	0	1	0	0	1	1	0	1	1	1	1	0	1	0	0	1	1	0	1	0	1	1	0	0	1	1	0	0	1	0	1	1	1	1	0	0	1	1	1	0	0	1	0	1	0	0	1	1	0	1	0	1	1	1	1	1	1	0	1	1	1	0	0	1	0	0
23	0	1	1	0	1	0	1	1	1	1	1	0	0	1	1	1	0	0	1	1	1	0	1	1	1	1	0	1	1	0	1	0	1	1	1	1	0	0	1	1	1	1	1	1	0	0	1	0	1	1	1	1	0	0	1	1	1	0	1	1	0	1	1	0	1	1	0	1	0	0	1	1	1	1	1	1	1	1	0	1	1	1	1	1	0	1	1	1	1	1	1	1	1	1	1	1	0	0	0	0
24	0	0	1	0	1	0	1	1	1	1	1	1	0	0	1	1	1	1	1	1	1	1	0	1	1	0	1	0	1	1	1	1	0	0	1	1	1	0	1	1	1	1	1	0	1	1	1	1	1	1	0	1	1	1	1	1	1	0	1	1	0	1	1	0	1	1	1	1	1	0	1	1	1	1	1	1	1	1	1	1	0	0	1	1	1	1	1	1	1	1	1	0	0	0	1	1	0	1	0	0
25	0	1	1	1	1	0	1	1	1	0	1	0	0	1	1	1	0	1	1	1	0	0	0	1	1	0	0	0	1	1	0	1	1	0	0	1	1	1	1	1	1	0	1	1	1	0	1	1	0	1	0	1	1	1	1	1	1	0	0	0	0	1	0	1	0	0	1	0	0	0	1	1	1	0	0	1	0	1	0	0	0	0	0	1	1	1	1	1	1	1	1	0	0	1	1	0	0	1	0	1
26	1	1	1	1	1	1	1	1	1	1	1	1	0	1	1	1	1	0	1	1	1	1	0	1	1	1	0	1	1	0	1	1	1	1	1	1	0	1	1	1	1	1	1	1	1	1	1	0	1	1	0	1	1	1	1	1	1	0	1	1	1	1	1	1	0	1	1	1	0	0	1	1	1	1	1	1	1	1	1	1	1	1	0	1	1	1	1	1	1	1	1	0	0	1	1	1	1	1	0	1
27	0	0	1	0	0	0	1	1	1	1	1	1	0	0	1	1	1	0	1	0	0	1	0	1	1	0	0	0	1	1	0	1	0	0	0	1	1	0	1	0	0	1	1	0	0	0	1	1	0	1	1	1	1	1	1	0	0	0	1	0	0	0	1	0	0	0	1	1	0	0	1	0	1	1	1	1	0	1	1	0	0	0	0	1	0	1	1	1	1	1	1	0	0	1	1	0	1	1	0	0
28	1	1	1	1	1	1	1	1	1	1	1	1	1	0	1	1	1	0	1	1	1	1	1	1	1	1	1	1	1	1	1	1	1	1	1	1	1	1	1	1	1	1	1	1	1	1	1	1	1	1	1	1	1	1	1	1	1	0	1	1	1	1	1	1	1	1	1	1	1	0	1	1	1	1	1	1	1	1	1	1	1	1	1	1	1	1	1	1	1	1	1	0	1	1	1	1	1	1	1	1
29	0	1	1	1	0	0	1	1	0	1	1	1	0	0	1	1	0	0	1	1	1	1	0	1	1	0	0	1	1	1	1	1	0	1	0	1	1	1	1	1	1	1	0	1	1	1	1	1	1	1	1	1	1	0	1	1	1	1	1	1	0	1	1	0	0	1	1	1	0	0	1	1	1	0	1	1	1	1	1	0	0	0	0	1	1	1	1	1	1	1	1	1	1	1	1	0	1	1	1	1
30	1	0	1	0	1	1	1	1	1	1	1	1	1	0	1	1	0	0	1	0	0	1	0	0	0	0	0	1	1	1	1	1	0	1	0	0	1	0	1	1	0	1	1	0	0	0	1	1	0	1	0	0	0	0	1	0	0	1	0	0	0	1	1	0	0	1	1	0	0	0	0	1	1	1	1	0	1	0	0	0	1	0	0	1	1	1	1	1	0	1	1	0	0	1	0	0	0	1	0	0
31	0	0	0	0	1	0	1	0	1	1	0	0	0	0	1	1	0	0	1	1	0	0	1	1	1	0	0	0	0	1	1	1	0	0	0	1	0	0	1	1	0	1	1	0	1	0	1	0	1	1	0	0	0	1	1	1	0	0	1	1	1	0	1	0	1	1	1	0	0	0	0	0	1	0	1	1	1	1	0	0	0	0	0	0	1	1	1	1	1	1	1	0	0	0	1	1	0	0	0	1
32	0	0	1	0	0	0	1	0	0	1	1	1	1	1	1	1	0	0	1	0	0	0	0	0	1	1	0	0	1	1	0	1	1	0	0	1	1	1	1	1	1	1	1	0	0	1	1	0	1	1	0	0	1	0	1	1	1	0	1	0	0	1	1	1	1	1	1	1	0	0	1	1	1	0	1	1	1	1	0	1	0	1	0	1	0	1	1	1	0	1	1	0	1	1	1	1	1	1	0	1
33	1	1	0	0	0	0	1	1	1	1	1	1	1	1	1	1	1	0	1	1	0	1	1	1	1	0	0	1	1	1	1	1	1	0	1	1	1	0	1	1	0	1	1	0	0	0	1	0	0	0	0	1	1	0	1	1	0	0	1	0	0	1	1	0	1	1	0	1	0	0	1	1	1	0	1	1	1	1	1	1	1	1	0	1	0	1	1	1	1	1	1	1	0	0	1	1	0	1	1	0
34	1	1	1	0	0	0	1	1	1	1	1	1	0	1	1	1	1	0	1	1	0	1	1	1	1	0	0	0	1	1	1	1	1	0	0	1	0	0	1	1	1	1	1	1	1	1	1	1	1	1	0	1	1	1	1	1	0	1	1	1	0	1	0	0	1	1	1	1	0	1	1	1	1	1	0	1	1	1	1	0	0	0	0	1	1	1	1	1	1	1	0	0	1	1	1	1	1	1	0	1
35	0	0	1	1	1	0	1	0	1	1	1	1	0	0	1	1	0	0	1	1	1	1	0	1	1	0	0	0	1	1	1	1	1	1	0	1	1	0	1	1	1	1	1	1	1	1	1	0	1	1	0	0	1	0	1	1	0	0	1	0	0	1	1	0	1	0	1	1	0	0	1	1	1	1	1	1	1	1	0	0	1	0	0	1	1	1	1	1	1	1	1	0	1	0	1	0	1	1	0	0
36	1	1	1	0	0	1	1	1	0	1	1	1	0	1	1	1	0	1	1	1	1	0	0	0	1	1	0	1	1	0	1	1	1	0	0	1	0	0	1	1	1	1	1	0	0	1	1	1	1	1	1	1	1	0	1	1	0	0	0	1	0	0	0	0	0	1	0	1	0	0	1	1	1	0	1	1	1	1	0	1	0	1	0	1	0	1	1	1	1	0	0	0	0	1	1	0	0	1	0	0
37	0	1	1	0	0	1	0	1	0	1	1	1	0	1	1	1	0	0	1	1	1	1	0	0	1	0	1	0	0	1	1	0	0	0	1	1	0	0	1	1	1	1	1	1	0	0	0	0	1	1	1	0	1	0	1	1	0	0	1	1	0	0	1	0	1	0	1	1	0	1	1	1	1	0	1	1	0	0	0	1	1	1	0	1	0	1	1	1	0	1	1	0	0	0	1	1	0	1	0	0
38	0	0	1	1	0	0	0	1	1	0	1	0	0	0	1	1	0	0	1	0	0	0	0	0	0	1	0	0	0	0	0	1	0	1	0	0	0	0	1	1	0	1	1	0	0	0	0	0	0	1	0	0	1	0	0	1	0	0	0	0	0	1	1	0	0	1	0	1	0	0	1	0	1	1	1	1	0	1	0	1	0	0	0	1	0	1	0	1	1	1	1	0	0	0	1	0	0	0	0	0
39	0	0	1	0	0	1	1	1	0	1	1	1	0	1	1	1	0	1	1	0	0	0	1	1	1	0	1	1	1	1	1	1	0	0	0	1	0	1	1	1	0	1	1	1	1	1	1	0	1	1	0	0	1	0	1	1	0	0	1	1	1	1	1	0	0	1	0	0	0	0	1	1	1	1	1	1	0	1	1	0	1	0	0	1	1	1	1	1	1	1	1	0	1	0	1	1	0	1	0	0
40	0	0	1	0	1	1	1	1	1	1	1	1	1	0	1	1	0	0	1	1	1	0	1	1	1	0	0	1	1	1	1	1	0	1	1	1	1	0	1	1	1	1	1	1	1	0	1	0	1	1	1	1	1	1	1	1	1	0	1	1	0	1	0	0	1	1	1	1	0	0	1	1	1	1	1	1	1	1	0	0	0	1	0	1	0	1	1	1	1	1	1	1	0	1	1	0	1	0	0	0
41	0	0	1	0	1	0	1	1	1	1	1	1	0	0	1	1	0	1	1	0	1	0	0	1	1	0	0	0	1	0	1	1	1	0	0	1	1	0	1	1	1	1	1	1	1	1	1	1	1	1	1	1	1	0	1	1	1	1	1	1	0	1	0	1	1	1	1	1	0	1	1	1	1	1	1	1	1	1	1	1	0	0	0	1	1	1	1	1	1	1	1	0	1	1	1	1	1	0	0	0
42	0	0	1	1	1	0	0	1	0	0	1	1	0	0	0	1	0	0	1	0	0	0	1	0	1	0	0	0	0	0	0	1	0	1	0	1	0	0	0	1	0	1	1	1	0	0	0	0	1	1	0	0	1	0	1	1	1	0	1	0	0	1	1	0	0	1	1	0	0	0	0	0	1	1	1	1	0	1	0	1	0	0	0	1	0	0	1	1	1	1	1	0	0	0	1	1	0	0	0	0
43	0	1	1	0	0	1	1	1	1	1	1	1	0	1	1	1	1	0	1	1	1	0	1	0	1	0	0	1	1	0	1	1	0	0	0	0	0	1	1	1	1	1	1	1	1	0	1	0	1	1	0	1	1	1	0	1	0	0	1	0	0	0	1	1	0	1	1	1	0	0	1	1	1	1	1	1	1	1	0	1	0	0	0	1	0	1	1	1	1	1	1	0	0	0	1	0	0	1	1	0
44	0	0	1	0	0	0	1	1	0	1	1	0	1	1	1	1	0	0	1	1	0	0	0	1	1	1	1	0	1	0	1	1	0	0	1	1	0	0	1	1	0	1	1	0	1	0	1	0	1	1	1	0	1	0	1	1	1	1	1	1	0	1	1	1	1	0	1	1	1	0	1	1	1	1	1	0	1	1	0	0	1	1	0	1	0	1	1	1	1	1	1	0	0	0	1	0	1	1	1	0
45	0	1	0	0	0	1	1	1	0	0	1	1	0	1	1	1	0	1	1	0	1	1	1	1	1	0	0	0	1	1	0	0	1	0	0	0	0	0	1	1	0	0	0	1	0	0	1	0	1	0	1	0	1	0	1	1	1	1	1	1	0	1	0	0	0	1	1	0	1	0	1	1	1	0	1	1	1	1	0	1	0	0	1	0	1	1	1	0	1	1	1	0	0	0	0	1	0	1	0	0
46	0	1	1	1	1	0	1	1	0	1	1	1	0	1	1	1	0	0	1	1	1	0	0	1	1	1	0	0	1	1	1	1	1	0	0	1	0	0	1	1	1	1	1	1	1	0	1	1	1	1	1	0	1	0	1	1	1	0	1	1	1	1	1	0	1	1	1	1	0	1	1	1	1	1	1	1	1	1	1	1	0	1	0	1	0	1	1	1	1	1	1	0	1	1	1	0	0	1	0	0
47	1	1	1	1	0	0	1	1	0	1	1	1	0	1	1	1	0	0	1	1	0	0	0	0	1	0	0	1	1	1	1	1	1	0	1	1	0	1	1	1	0	1	0	0	0	0	1	0	1	1	1	1	1	1	1	1	0	1	1	0	0	1	0	0	0	1	0	1	1	0	1	0	1	1	0	1	1	1	0	1	0	1	0	1	1	1	1	1	1	1	1	1	1	1	1	0	0	1	0	0
48	0	0	1	1	0	1	1	1	0	0	1	1	0	0	1	0	0	0	1	0	0	0	0	0	1	0	1	0	1	1	1	0	0	0	0	1	0	0	1	1	0	1	1	0	0	1	0	0	0	1	0	0	1	0	1	1	1	1	0	1	1	1	0	1	0	1	1	1	0	1	1	1	0	1	1	1	0	1	0	0	0	1	0	1	0	0	0	0	0	1	1	0	0	0	0	0	0	0	1	0
49	0	0	1	1	1	0	1	1	1	1	1	1	0	1	1	1	0	1	1	1	1	0	0	0	1	1	0	1	0	1	1	1	1	0	0	1	0	1	1	1	1	0	1	1	1	0	1	1	1	1	1	0	1	1	1	1	0	0	1	0	0	1	1	0	0	1	1	1	0	0	1	1	1	1	1	1	1	0	0	0	0	1	0	1	0	1	0	1	1	1	1	0	1	0	1	1	1	1	1	0
50	0	1	1	0	1	0	1	1	0	1	1	1	0	1	1	1	0	0	1	0	0	0	0	0	1	0	0	0	1	1	1	1	1	0	0	1	1	0	1	1	0	1	1	1	0	1	1	1	1	1	1	1	1	1	1	1	0	0	1	0	0	1	0	1	1	1	1	1	1	1	1	1	1	1	1	1	0	1	0	0	1	1	0	1	0	1	1	1	0	1	1	0	1	0	1	0	1	1	0	0
51	1	1	1	1	1	0	1	1	1	1	1	0	1	1	1	1	0	0	1	1	0	0	1	1	1	0	0	0	1	1	1	1	1	0	0	1	0	1	1	1	1	0	1	1	1	1	1	1	1	1	1	1	1	1	1	1	1	0	1	1	0	1	1	0	1	1	1	1	0	0	1	1	1	1	1	1	1	1	0	1	1	0	0	1	1	1	1	1	1	1	1	0	1	1	1	1	1	1	0	1
52	0	1	0	1	0	0	1	1	1	1	1	1	1	0	1	1	0	1	1	0	1	1	1	1	1	1	1	1	1	1	1	1	1	1	0	1	0	1	1	1	1	1	1	0	1	1	1	1	1	1	1	1	1	0	1	1	0	1	1	1	0	0	1	0	1	1	1	1	1	1	1	1	1	0	1	1	1	1	1	1	1	1	0	1	1	1	1	1	1	1	1	0	0	1	1	0	0	1	0	1
53	0	1	1	1	0	0	1	1	0	0	1	1	1	0	1	1	1	0	0	0	0	1	1	1	1	1	0	0	0	0	0	0	1	0	0	1	0	0	1	1	0	1	0	0	0	0	0	1	0	1	0	1	0	0	0	1	1	0	0	0	0	1	0	0	0	0	1	0	1	0	1	1	1	0	0	0	1	1	1	0	1	0	0	0	0	1	1	1	0	1	1	0	0	0	1	1	1	0	0	0
54	1	0	1	0	0	1	1	1	1	1	1	1	0	0	1	1	0	0	1	1	0	0	1	0	1	0	0	0	1	1	1	1	0	0	0	1	1	1	1	1	0	1	0	0	1	0	0	1	0	1	0	1	1	1	1	1	0	0	0	1	1	1	0	0	1	1	1	1	0	0	0	1	1	0	0	1	1	1	0	1	0	1	0	1	0	1	1	0	1	0	1	0	1	0	1	1	1	1	0	1
55	1	0	1	1	1	0	1	1	1	1	1	1	0	1	1	1	0	0	1	0	1	0	0	0	0	0	1	0	1	1	1	1	1	0	0	1	0	0	1	1	0	1	1	1	1	0	1	1	1	1	1	1	1	1	1	1	0	0	1	1	1	1	1	0	0	1	1	1	0	0	1	1	1	0	0	1	1	1	1	0	1	1	1	0	0	1	1	0	1	1	1	1	1	1	1	0	0	1	0	0
56	1	1	1	1	1	0	0	1	0	1	1	1	0	1	1	1	0	1	1	1	0	1	1	0	1	0	1	0	1	0	1	1	1	1	1	1	0	0	1	1	0	1	1	1	1	0	1	1	1	1	1	1	1	0	1	1	1	0	1	0	0	1	1	0	0	1	1	1	0	1	1	1	1	1	0	1	1	1	1	1	1	1	0	1	1	1	1	1	1	1	1	1	0	1	1	0	1	0	1	0
57	1	0	1	0	0	0	1	1	1	0	1	1	0	1	1	1	0	1	1	0	0	1	1	1	1	0	1	1	1	1	1	1	1	1	0	1	1	0	1	1	1	1	0	1	0	0	0	1	1	1	1	0	1	1	1	1	0	1	1	1	1	1	1	0	1	1	1	1	1	0	1	1	1	0	1	1	1	1	0	0	1	0	0	1	0	1	1	1	0	1	1	0	1	1	1	1	1	1	0	1
58	1	1	1	1	1	1	1	1	1	1	1	1	1	1	1	1	1	1	1	1	1	1	1	1	1	1	1	0	1	1	1	1	1	1	0	1	1	1	1	1	1	1	1	1	1	1	1	1	1	1	1	1	1	1	1	1	1	1	1	1	1	1	1	1	1	1	1	1	1	1	1	1	1	1	1	1	1	1	1	1	1	1	1	1	1	1	1	1	1	1	1	1	1	1	1	1	1	1	1	0
59	0	0	1	1	1	1	1	1	1	1	1	1	0	0	1	1	0	0	1	0	0	1	1	1	1	0	0	0	1	1	1	1	0	0	1	1	1	1	1	1	1	1	1	0	1	1	1	1	1	1	1	1	1	1	1	1	0	1	1	0	1	1	0	0	1	1	1	1	0	0	1	1	1	0	1	1	1	1	0	0	1	0	1	1	1	1	1	1	1	1	1	0	1	1	1	1	0	1	1	0
60	1	1	1	0	0	1	1	1	1	1	1	1	0	1	1	1	0	1	1	1	1	0	1	1	1	1	0	1	1	1	1	1	1	0	0	1	1	0	1	1	0	1	0	1	1	0	1	0	1	1	1	1	1	1	1	1	0	0	1	1	1	1	0	0	0	1	1	1	0	1	1	1	1	1	1	1	1	1	1	0	1	1	1	1	1	1	1	1	1	1	1	0	0	1	1	1	1	1	0	1
61	1	1	0	1	1	1	1	1	1	1	1	1	1	1	1	1	1	0	1	1	1	1	1	0	1	0	1	0	1	1	1	0	1	1	0	1	1	1	1	1	1	1	1	1	1	0	1	1	0	1	1	1	1	0	1	1	0	0	1	1	0	1	1	0	1	1	1	1	0	0	0	1	1	1	1	1	1	1	1	0	1	0	1	1	1	1	1	1	1	1	1	0	1	0	1	0	0	1	1	1
62	0	1	0	0	1	0	1	0	0	1	1	1	0	1	1	1	1	1	1	1	1	0	0	1	1	0	0	0	1	1	1	1	1	1	1	1	1	0	1	1	0	1	1	1	0	0	1	0	1	0	0	0	1	1	1	1	0	0	1	1	1	1	0	0	1	1	1	1	1	1	1	1	1	1	1	1	1	1	0	1	1	0	0	1	0	1	1	1	1	1	1	1	0	1	0	1	1	1	0	1
63	1	0	1	0	0	0	1	0	0	1	1	1	0	0	1	1	1	0	0	1	1	1	0	1	1	0	0	0	1	1	1	1	1	1	0	0	1	0	1	1	1	1	1	0	1	0	0	1	1	0	1	0	0	1	1	1	0	0	1	1	0	1	1	1	1	1	1	1	0	0	1	1	1	1	0	1	1	1	0	0	0	1	1	1	0	1	0	1	1	1	1	0	1	1	1	0	1	1	0	0
64	0	1	1	0	0	0	1	1	1	1	1	1	0	1	1	1	0	0	1	0	1	0	0	0	1	0	1	0	1	1	1	1	1	1	1	1	0	1	1	1	0	1	1	0	1	1	1	1	1	1	1	0	1	1	1	1	0	1	1	1	0	1	1	0	1	1	1	1	0	0	1	1	1	1	1	1	1	1	1	1	1	0	0	1	0	1	1	1	1	1	1	0	1	1	1	1	0	1	0	0
65	0	1	1	1	0	0	1	1	0	1	1	1	0	1	1	0	1	1	1	0	0	0	0	1	0	0	0	0	1	1	1	1	0	0	0	1	1	1	1	1	0	0	0	1	0	0	1	0	0	1	0	1	1	0	0	1	0	0	1	0	0	0	0	0	0	1	0	1	0	0	1	1	0	1	1	1	1	1	1	0	0	0	0	1	1	1	0	1	1	1	1	1	1	0	0	0	0	1	0	0
66	1	0	1	1	0	0	0	1	1	0	1	1	0	0	1	0	0	1	1	1	0	1	0	1	1	1	0	0	0	0	1	1	0	1	0	1	1	0	1	1	0	1	1	1	0	0	0	1	1	1	0	1	1	1	1	1	0	1	1	0	0	0	1	0	1	1	1	0	0	0	1	0	1	1	1	1	1	1	1	0	1	1	1	1	0	1	1	0	1	1	1	1	1	0	1	0	0	1	1	0
67	0	1	1	0	0	0	1	1	1	1	0	1	0	0	1	1	0	0	1	1	0	0	1	1	0	1	0	0	1	1	0	1	0	0	0	0	0	0	1	1	0	1	0	0	0	0	1	0	1	1	0	1	1	0	1	1	1	0	0	0	0	1	1	0	1	1	0	1	1	1	0	1	1	0	1	1	1	1	0	0	1	1	0	1	1	1	1	1	1	1	1	0	1	1	1	0	0	0	0	0
68	0	0	1	0	0	1	1	1	1	1	1	0	1	1	1	1	0	0	1	1	0	0	0	1	1	0	0	0	0	1	1	1	0	1	0	1	0	0	1	1	1	1	1	0	1	1	1	1	1	1	0	1	1	0	1	1	0	0	1	1	0	1	1	0	1	1	1	0	0	1	1	1	1	1	1	1	1	1	0	0	1	1	1	1	0	1	1	1	1	1	1	0	0	1	1	0	0	1	0	0
69	1	1	1	1	1	0	1	1	1	1	1	1	0	1	1	1	0	1	1	1	0	0	1	1	1	1	0	1	1	1	1	1	1	1	1	1	0	1	1	1	1	1	1	1	1	1	1	1	1	1	1	1	1	1	1	1	1	1	1	1	1	1	1	1	1	1	1	1	1	1	1	1	1	1	1	1	1	1	1	1	0	1	1	1	1	1	1	1	1	1	1	1	1	1	1	0	1	1	1	1
70	0	0	0	1	0	0	1	1	1	0	1	0	0	0	1	1	0	0	1	0	1	1	0	0	1	0	0	0	1	0	1	0	1	1	0	1	0	1	1	1	0	1	1	0	0	0	0	0	0	1	0	0	1	1	0	0	0	1	1	0	0	1	0	0	0	0	0	1	1	0	1	0	1	0	1	0	1	0	0	0	1	0	0	1	0	1	0	0	0	1	1	0	1	0	0	0	0	0	0	0
71	1	1	1	0	1	0	1	1	0	1	1	1	1	1	1	1	0	0	1	1	1	1	1	1	1	0	0	1	1	1	1	1	0	0	1	1	0	1	1	1	1	1	1	1	1	0	1	1	1	1	1	1	1	1	1	1	0	1	0	1	0	1	1	0	1	1	1	1	0	0	1	1	1	0	1	1	1	1	0	1	1	1	0	0	1	1	1	1	1	1	1	0	1	1	1	0	1	1	0	0
72	0	0	1	0	0	0	1	1	1	1	1	0	1	1	1	1	0	1	1	0	1	0	0	1	0	1	0	0	1	0	0	0	0	0	0	1	0	0	0	1	0	1	0	0	0	0	0	1	0	1	0	0	0	1	0	1	0	1	1	0	0	0	0	0	0	0	1	0	0	0	0	1	1	0	1	0	0	0	1	1	0	0	0	1	0	0	0	0	1	1	1	0	0	0	0	1	0	0	0	0
73	0	0	1	0	0	1	1	1	1	1	1	0	0	1	1	1	1	1	1	0	1	1	0	1	1	0	0	0	1	1	1	1	1	0	0	1	0	0	1	1	0	1	0	1	0	1	0	0	1	1	1	1	1	0	0	1	0	0	1	1	0	1	1	0	0	1	1	0	0	0	1	0	1	1	0	1	0	1	0	0	1	0	1	1	1	1	1	1	0	1	1	0	1	0	0	0	0	1	1	0
74	0	1	1	1	0	0	1	1	1	0	1	1	1	1	1	1	0	1	1	1	1	0	1	1	1	0	1	1	1	1	1	1	1	0	0	1	1	0	1	1	1	1	1	1	1	1	1	1	1	1	1	1	1	0	1	1	0	0	1	1	1	1	1	1	1	1	1	1	1	0	1	1	1	1	1	1	0	1	0	1	1	1	0	1	1	1	1	1	1	1	1	0	1	0	1	0	1	0	1	0
75	0	1	1	0	0	0	1	1	1	1	1	1	0	1	1	1	0	1	1	1	1	0	1	0	1	0	1	0	1	1	1	1	1	0	0	1	0	1	1	1	0	1	1	1	1	0	1	0	1	1	1	1	1	0	1	1	0	1	1	1	0	1	1	0	1	1	1	1	0	0	1	1	1	1	1	1	1	1	0	1	1	1	0	1	1	1	1	1	1	1	1	0	1	0	0	0	1	1	0	0
76	0	0	0	0	0	1	1	1	1	0	1	1	0	0	1	0	0	0	1	0	0	0	0	0	1	1	0	0	0	1	1	1	0	1	1	1	1	1	1	1	0	0	1	0	0	1	0	1	0	0	0	0	1	0	1	1	1	0	1	0	1	0	1	0	1	1	1	1	0	0	1	0	1	0	1	0	0	1	0	0	1	0	1	0	0	1	0	1	0	1	1	0	0	1	1	0	0	0	1	1
77	0	1	0	0	0	1	1	0	0	1	1	1	0	0	1	1	0	0	0	1	1	1	0	0	0	0	0	1	1	1	0	1	0	0	1	1	0	0	1	1	0	1	1	1	0	0	0	0	1	0	0	1	0	0	1	1	1	1	1	1	0	1	0	0	0	0	0	1	0	0	1	1	1	0	0	1	0	1	1	0	0	0	0	1	0	1	0	1	0	1	1	0	0	0	1	0	0	0	0	0
78	1	1	1	1	0	0	1	1	1	1	1	1	1	0	1	1	0	1	1	1	1	1	0	1	1	1	1	1	0	1	1	1	1	1	0	1	0	1	1	1	0	1	1	1	1	0	1	1	1	1	0	1	1	0	1	1	1	1	1	1	0	1	0	0	1	1	0	1	0	0	1	1	1	1	1	1	0	0	1	1	0	1	1	1	0	1	1	1	0	1	1	0	0	1	1	0	1	1	1	0
79	0	1	1	0	0	1	1	1	0	1	1	1	0	0	1	1	1	0	1	1	0	1	1	0	1	0	0	0	1	0	0	1	0	0	0	1	0	1	1	1	0	1	1	0	0	1	0	0	1	1	0	1	1	0	1	1	1	1	1	0	0	1	1	0	0	1	0	1	0	1	1	1	1	1	1	1	1	1	0	0	0	1	1	1	1	1	1	1	1	1	1	0	0	1	1	0	0	1	1	0
80	0	0	1	1	0	0	1	1	0	1	1	1	0	0	1	1	0	0	1	1	1	0	1	1	1	0	0	0	1	1	1	1	1	0	0	1	1	1	1	1	0	1	1	1	1	0	1	1	1	1	1	0	1	0	1	1	0	0	1	1	0	1	1	1	1	1	0	1	1	1	1	1	1	1	1	1	0	1	0	1	1	1	1	1	1	1	1	1	1	1	1	0	0	0	1	0	1	1	1	0
81	1	0	1	0	0	0	1	1	0	1	1	1	0	1	1	1	0	0	1	1	0	0	0	1	1	0	0	1	0	1	1	1	1	0	1	1	0	1	1	1	0	1	1	0	1	1	1	1	1	1	0	1	1	1	1	1	0	1	1	0	0	1	0	0	1	1	1	1	0	0	1	1	1	1	0	0	1	1	0	0	1	1	1	1	1	1	1	0	1	1	1	1	0	0	1	1	0	1	1	1
82	1	0	1	0	0	1	1	1	1	0	0	1	0	1	1	1	0	1	1	1	1	0	0	0	1	0	0	1	1	1	0	1	0	0	0	1	0	0	1	1	0	1	1	0	1	1	1	1	1	1	0	0	1	0	1	0	1	0	0	0	0	1	1	0	1	1	0	1	0	0	1	0	0	0	1	1	1	1	0	0	1	0	1	1	0	1	1	1	0	1	1	0	0	0	1	0	0	1	1	0
83	1	1	1	0	1	0	1	1	1	1	1	1	1	1	1	1	0	1	1	1	1	1	1	1	1	1	0	1	1	1	1	1	1	1	0	1	1	0	1	1	1	1	1	1	1	1	1	1	1	1	0	1	1	1	1	1	1	0	1	1	1	1	1	0	1	1	1	1	1	0	1	1	1	1	1	1	1	1	0	1	1	1	0	1	1	1	1	1	0	1	1	0	0	1	1	1	0	1	1	0
84	1	1	1	0	1	0	1	1	1	1	1	1	0	1	1	1	0	0	1	1	1	0	1	1	1	1	1	0	1	1	1	1	1	1	1	1	1	1	1	1	1	1	1	1	1	0	0	1	1	1	1	1	1	0	1	1	1	0	1	1	0	1	1	1	1	1	1	1	1	1	1	1	1	1	1	1	0	1	1	1	1	1	0	1	1	1	1	1	1	1	1	0	1	1	1	0	1	1	1	0
85	0	0	1	1	0	0	1	0	1	0	1	0	0	1	1	0	0	0	1	1	0	0	1	1	1	1	0	1	1	1	0	0	1	0	1	0	1	0	1	0	1	0	0	1	0	1	0	0	0	1	0	1	0	0	0	1	1	0	1	0	0	1	0	0	1	0	0	1	1	0	0	0	1	0	1	0	0	1	0	0	0	0	0	0	1	1	1	1	0	1	0	0	0	0	0	0	1	0	1	1
86	0	1	1	1	0	1	1	1	0	1	1	1	0	1	1	1	0	0	1	0	1	0	0	0	1	1	0	0	1	1	1	1	1	1	0	1	0	0	1	1	1	1	1	0	1	1	0	1	1	1	0	1	1	1	1	1	0	0	1	1	0	1	0	0	1	1	1	1	0	0	1	1	1	1	1	1	1	1	0	0	0	0	0	1	1	1	1	1	0	1	1	0	0	0	1	0	0	1	0	0
87	1	0	1	1	1	0	1	1	1	1	1	0	1	0	1	1	0	0	0	0	1	0	0	0	1	0	0	0	1	1	1	1	0	0	0	0	1	0	1	1	0	1	1	0	0	1	1	0	1	1	0	0	1	0	1	1	0	0	1	0	1	1	1	0	0	1	1	1	0	0	1	1	1	0	1	0	0	1	0	0	0	1	0	1	0	1	1	1	1	1	1	1	1	0	1	0	0	0	0	0
88	0	1	1	1	0	0	1	1	1	1	1	1	1	0	1	1	1	1	0	1	1	1	1	1	1	0	0	0	1	1	1	1	0	1	1	1	0	0	1	1	1	1	1	1	1	1	0	1	1	1	1	1	1	0	1	1	1	0	1	1	0	1	1	0	1	1	1	1	1	0	1	1	1	1	0	1	1	1	1	0	1	1	1	1	1	1	1	1	1	1	1	0	1	0	1	0	0	1	0	0
89	0	0	1	0	0	0	1	1	0	1	1	1	0	1	1	1	0	1	0	0	0	0	0	1	1	0	0	0	1	1	1	1	0	0	0	1	0	0	1	1	0	1	0	1	1	1	1	0	1	1	1	1	1	0	1	1	0	0	1	0	0	1	0	1	0	0	0	1	0	0	0	1	1	0	0	1	0	1	0	0	0	1	0	1	0	1	0	0	1	1	1	0	0	0	0	1	1	1	0	0
90	0	0	1	0	0	0	1	1	0	1	1	1	1	1	1	1	0	0	1	0	1	0	0	1	1	0	1	0	1	1	1	1	1	1	0	1	0	0	1	1	0	1	1	1	1	1	1	1	1	1	0	1	1	0	1	1	0	0	1	1	0	1	1	0	1	1	1	1	0	0	0	0	1	0	0	1	1	1	0	0	0	1	1	1	1	1	1	1	1	1	1	1	0	1	1	0	1	0	0	0
91	1	0	1	1	1	0	1	1	1	1	1	1	0	0	1	1	0	0	1	1	1	0	0	0	1	0	1	0	1	1	1	1	0	1	0	1	0	0	1	1	1	1	1	0	1	0	0	1	1	1	1	1	1	1	1	1	1	0	1	1	0	1	0	1	1	1	0	0	1	0	1	1	1	1	1	1	1	1	0	1	1	1	1	1	1	1	1	1	1	1	1	1	0	1	1	0	0	1	0	0
92	0	0	1	0	1	0	1	1	1	1	1	1	0	1	1	1	1	1	1	1	1	1	0	1	1	1	0	0	1	1	1	1	1	0	0	1	0	1	1	1	0	1	0	0	1	1	1	1	0	1	0	0	1	0	1	1	1	1	1	1	0	1	1	1	1	1	1	1	1	1	1	1	1	1	0	1	1	1	0	0	1	1	1	1	1	1	1	1	1	1	1	1	1	1	1	1	1	1	0	0
93	1	0	0	1	0	0	1	0	0	0	1	1	0	0	1	1	1	0	1	0	1	1	1	1	1	0	1	0	0	0	0	0	1	0	0	1	0	1	1	1	0	1	0	0	0	0	0	1	1	1	0	1	0	0	1	1	0	0	1	1	0	0	1	0	1	0	1	1	0	0	1	1	1	0	1	1	1	0	1	1	0	0	0	1	1	1	0	1	0	1	0	0	0	0	0	1	0	1	0	0
94	0	1	1	0	1	0	1	1	1	1	1	1	0	1	1	1	0	0	1	1	1	0	0	0	1	1	0	1	1	1	1	1	0	1	0	1	0	1	1	1	1	1	1	1	0	0	0	0	1	1	1	0	0	1	1	1	0	1	1	0	0	1	1	0	1	1	0	1	0	0	1	1	1	0	1	1	0	1	0	0	1	1	1	1	1	1	1	1	1	1	1	0	1	1	1	0	0	1	0	0
95	1	0	0	1	1	1	1	1	0	0	1	1	0	1	1	1	1	1	1	0	1	0	0	1	1	0	0	1	1	0	1	1	1	0	1	1	0	1	0	0	0	1	1	0	0	1	0	1	1	1	0	1	1	0	1	1	0	0	1	0	0	1	1	1	1	1	1	1	1	0	1	1	0	0	1	0	0	1	1	0	0	0	0	1	0	1	1	1	1	1	0	0	0	0	1	0	0	0	0	1
96	0	0	1	0	0	0	1	0	1	0	1	1	0	1	1	1	0	0	1	0	1	0	0	1	1	0	0	0	1	1	0	1	1	0	0	1	0	0	1	1	0	1	1	1	0	1	1	0	1	1	0	1	1	0	1	1	0	0	1	0	1	1	0	0	1	1	0	1	0	0	1	1	1	0	0	1	1	1	1	0	0	0	0	1	1	1	1	0	1	1	1	0	1	1	1	0	0	0	0	0
97	0	1	1	0	0	0	1	1	1	1	1	1	1	1	1	1	0	1	1	1	1	1	1	1	1	1	1	0	1	1	1	1	1	0	0	1	1	1	1	1	1	1	1	1	1	1	1	0	1	1	1	1	1	0	1	1	1	0	1	1	0	1	1	1	1	1	1	1	1	0	1	1	1	1	1	1	1	1	1	1	1	1	1	1	1	1	1	1	1	1	1	1	1	1	1	1	1	1	0	1
98	0	1	1	0	0	0	1	0	0	1	1	1	0	1	1	1	0	1	1	1	0	0	1	1	1	0	0	0	0	1	1	1	1	0	0	1	1	1	1	1	1	1	1	0	1	0	0	0	1	1	0	1	1	0	1	0	0	0	1	1	1	1	1	0	0	1	1	1	1	0	1	1	1	0	1	1	0	1	0	1	0	1	1	1	1	1	1	1	1	1	1	1	1	1	1	0	1	1	0	0
99	1	0	1	0	0	0	0	1	0	1	1	1	1	0	1	1	1	0	0	0	0	0	0	0	0	0	0	0	1	1	0	1	1	1	0	0	0	0	1	1	0	1	1	0	0	0	0	1	0	1	1	1	0	0	1	0	0	0	1	0	0	1	0	0	1	1	0	1	1	0	1	0	1	0	1	1	0	1	0	0	1	1	0	1	1	1	0	1	1	1	0	0	0	0	1	1	0	0	0	0
100	1	1	1	0	1	1	1	1	0	1	1	1	0	1	1	1	0	1	1	1	1	0	1	0	0	1	0	1	1	1	1	1	1	0	0	1	0	0	1	1	0	1	1	1	1	1	1	1	0	1	0	1	1	0	1	1	0	0	1	1	1	1	1	1	1	1	1	1	1	0	1	0	1	1	1	1	0	1	1	0	1	1	0	1	0	1	0	1	0	1	1	0	1	1	1	1	1	1	0	1
